,cos_sim,mse_dist,word_a,word_b
0,0.9104443192481995,0.17911134660243988,better,improved
1,0.3740248382091522,1.2519487142562866,starry,stargazer
2,0.7862812876701355,0.42743709683418274,gonna,go
3,0.9632460474967957,0.07350821793079376,comprises,encompasses
4,0.7603505849838257,0.47929832339286804,low,meager
5,0.8453291654586792,0.30934157967567444,maybe,presumably
6,0.7832622528076172,0.4334753751754761,gave,afforded
7,0.8560410737991333,0.28791725635528564,absolutely,wholly
8,0.9999685883522034,6.293334445217624e-05,cafe,coffeehouse
9,0.7765020728111267,0.4469955563545227,daniela,danielle
10,0.7810383439064026,0.4379230737686157,disliked,outlawed
11,0.7305790781974792,0.5388411283493042,place,site
12,0.665711522102356,0.6685759425163269,watching,viewing
13,0.6535862684249878,0.6928274035453796,going,vanishing
14,0.7141158580780029,0.5717677474021912,anyway,brief
15,0.9245179295539856,0.15096381306648254,think,thought
16,0.8278613090515137,0.34427693486213684,censorship,censored
17,0.7308937311172485,0.5382118225097656,another,others
18,0.7949428558349609,0.410113662481308,fix,rectify
19,0.5101396441459656,0.9797197580337524,gillen,milligan
20,0.7101311087608337,0.5797374844551086,know,understand
21,0.8303590416908264,0.339281290769577,thanks,merci
22,0.7003585696220398,0.5992826223373413,felt,perceived
23,0.8550419807434082,0.28991588950157166,towers,pylons
24,0.8825355172157288,0.2349286675453186,lovers,enthusiasts
25,0.8280946612358093,0.34381014108657837,resemblance,analogy
26,0.8691492080688477,0.2617012560367584,coffee,latte
27,0.7733451128005981,0.4533092975616455,director,filmmaker
28,0.7300612926483154,0.5398764610290527,could,ai
29,0.7740515470504761,0.4518964886665344,reality,pragmatic
30,0.7998171448707581,0.40036556124687195,thinking,reflections
31,0.8972446918487549,0.20551033318042755,like,loves
32,0.973229706287384,0.05354045704007149,record,recordings
33,0.7026658654212952,0.5946674346923828,episode,incident
34,0.7745645642280579,0.45087021589279175,us,nous
35,0.5886313915252686,0.8227367401123047,two,secondly
36,0.7864858508110046,0.42702826857566833,tired,exhausted
37,0.7618351578712463,0.4763292670249939,direction,directive
38,0.7820550799369812,0.4358888864517212,yet,albeit
39,0.8739348649978638,0.2521297335624695,innocent,innocents
40,0.7586847543716431,0.4826294481754303,develops,prepares
41,0.7738215327262878,0.45235663652420044,process,procedural
42,0.8577796816825867,0.2844407558441162,wants,desires
43,0.760549008846283,0.47890159487724304,cindy,becky
44,0.7274650931358337,0.5450689196586609,called,asked
45,0.9591261148452759,0.08174757659435272,night,nocturnal
46,0.7040289640426636,0.591941773891449,sandwich,burrito
47,0.8490190505981445,0.3019615113735199,staff,manpower
48,0.7573911547660828,0.48521727323532104,chinese,renminbi
49,0.9793204069137573,0.041359178721904755,terrible,horrible
50,0.7810757756233215,0.437847763299942,get,attains
51,0.6889799237251282,0.622039258480072,back,returned
52,0.8169800639152527,0.3660396337509155,ten,tio
53,0.9781439900398254,0.04371194541454315,story,tales
54,0.8166681528091431,0.36666280031204224,white,bianchi
55,0.9079462289810181,0.18410727381706238,political,policy
56,0.5042980909347534,0.9914039969444275,iceberg,glacial
57,0.852941632270813,0.294116348028183,also,likewise
58,0.595742404460907,0.8085141181945801,sergeants,lieutenants
59,0.7422950863838196,0.515408992767334,ice,glacier
60,0.8201014995574951,0.3597967326641083,resonance,resonant
61,0.977867066860199,0.04426605626940727,hideous,abominable
62,0.7814541459083557,0.43709084391593933,cup,coupe
63,0.9412270784378052,0.11754565685987473,request,asks
64,0.7902150750160217,0.419569730758667,modern,modernization
65,0.8242068290710449,0.35158610343933105,realizing,attaining
66,0.7336481809616089,0.5327032804489136,instead,similarly
67,0.9777314066886902,0.04453694075345993,new,newer
68,0.8454662561416626,0.3090670108795166,seemed,looked
69,0.901324987411499,0.19734956324100494,charred,torched
70,0.843543529510498,0.31291255354881287,welcome,welcomed
71,0.6783522367477417,0.6432943940162659,available,disposable
72,0.7611157894134521,0.477768212556839,drinks,cocktails
73,0.6806445717811584,0.6387103199958801,supermarket,store
74,0.7518085241317749,0.4963819086551666,spirit,mentality
75,0.9720687866210938,0.0558621883392334,first,frst
76,0.8548395037651062,0.2903204560279846,time,period
77,0.8095995187759399,0.3808000683784485,reputation,notoriety
78,0.8020548820495605,0.39588966965675354,disappointment,dissatisfaction
79,0.6936559677124023,0.6126872897148132,buttermilk,molasses
80,0.8515733480453491,0.29685330390930176,freaked,affraid
81,0.5949380397796631,0.8101224899291992,chops,loin
82,0.5492320656776428,0.9015358090400696,caton,mundy
83,0.8253495693206787,0.34930068254470825,pretty,belle
84,0.7868021726608276,0.4263954758644104,rock,pebble
85,0.7414100170135498,0.5171796679496765,half,mid
86,0.4044807553291321,1.1910375356674194,douglas,murray
87,0.8731696009635925,0.2536601722240448,great,prodigious
88,0.7502564787864685,0.49948686361312866,took,pick
89,0.8120839595794678,0.3758319616317749,mentioned,talked
90,0.9492858052253723,0.10142841935157776,proficient,skilled
91,0.9006549119949341,0.1986900120973587,effort,endeavour
92,0.87404865026474,0.25190258026123047,found,uncovered
93,0.7378422021865845,0.5243150591850281,walter,fernand
94,0.7031937837600708,0.5936121940612793,flavored,flavor
95,0.7193092703819275,0.5613809823989868,sales,soiled
96,0.7284911274909973,0.5430160760879517,played,doing
97,0.7224995493888855,0.5550004839897156,righteousness,virtue
98,0.8307474255561829,0.33850470185279846,wine,wines
99,0.8087390661239624,0.3825216293334961,bar,solicitor
100,0.8455381989479065,0.3089229464530945,amount,quantity
101,0.7613831758499146,0.4772331118583679,people,gens
102,0.5291857719421387,0.9416277408599854,socially,community
103,0.5262821316719055,0.9474349617958069,denny,craig
104,0.8457406759262085,0.30851832032203674,best,better
105,0.9418943524360657,0.11621088534593582,progress,advances
106,0.9394553303718567,0.12108900398015976,shows,illustrates
107,0.5884475708007812,0.8231040239334106,alabama,arkansas
108,0.777092695236206,0.44581398367881775,heavy,lourdes
109,0.662168025970459,0.6756632924079895,pasta,curd
110,0.8132447004318237,0.37351009249687195,store,storehouse
111,0.7021134495735168,0.5957726836204529,mine,mineral
112,0.918091893196106,0.16381578147411346,critics,detractors
113,0.9105399250984192,0.17891986668109894,shy,timid
114,0.7463372945785522,0.5073245167732239,competent,skilful
115,0.6982091069221497,0.603580892086029,sullivan,riley
116,0.688744843006134,0.6225096583366394,plenty,full
117,0.8486518263816833,0.3026960492134094,brutal,barbarous
118,0.8836473226547241,0.23270511627197266,reveal,unveil
119,0.8924360871315002,0.2151278257369995,getting,obtaining
120,0.885813295841217,0.2283732146024704,say,tell
121,0.80325847864151,0.39348262548446655,plague,epidemic
122,0.9731719493865967,0.05365605279803276,unknown,undisclosed
123,0.7319996953010559,0.53600013256073,mined,mining
124,0.4994596838951111,1.0010802745819092,eta,eat
125,0.7682193517684937,0.4635606110095978,prefer,lieber
126,0.8416287302970886,0.3167419731616974,innocently,nonchalantly
127,0.8055962324142456,0.3888077139854431,sprawling,complicated
128,0.9617192149162292,0.07656159996986389,child,infantile
129,0.8242939710617065,0.3514118492603302,order,ordering
130,0.8738347291946411,0.25232988595962524,perfectly,totally
131,0.7725005745887756,0.45499855279922485,still,even
132,0.8280319571495056,0.34393584728240967,adequately,enough
133,0.9436652064323425,0.11266937106847763,minor,marginal
134,0.9212117195129395,0.15757626295089722,although,whilst
135,0.9581918120384216,0.08361651003360748,impeccable,perfect
136,0.8821573853492737,0.23568479716777802,despite,while
137,0.9580509662628174,0.08389817178249359,awesome,marvelous
138,0.7805841565132141,0.43883058428764343,little,modest
139,0.7499750852584839,0.500049352645874,much,eminently
140,0.8918936848640442,0.21621209383010864,emerge,arise
141,0.9219985008239746,0.15600299835205078,disbelief,scepticism
142,0.6791308522224426,0.6417381763458252,eagle,nighthawk
143,0.930574357509613,0.13885103166103363,waiting,await
144,0.7872920632362366,0.42541518807411194,find,discovered
145,0.8315995335578918,0.3368002772331238,later,trailing
146,0.8226274847984314,0.3547446131706238,deal,addresses
147,0.8191008567810059,0.3617979884147644,option,surrogates
148,0.9164146184921265,0.1671704202890396,incoherent,inconsistent
149,0.9683848023414612,0.06323017925024033,calm,placate
150,0.8607392311096191,0.27852144837379456,done,completed
151,0.7306467890739441,0.5387062430381775,water,aquatic
152,0.9549431800842285,0.09011336416006088,capacity,ability
153,0.8249809741973877,0.3500373959541321,whole,generals
154,0.9031446576118469,0.1937103271484375,rules,regulatory
155,0.7660498023033142,0.4679001569747925,financial,funds
156,0.9335545897483826,0.1328904926776886,slightly,marginally
157,0.7733945250511169,0.4532104432582855,doris,marietta
158,0.7984882593154907,0.4030231237411499,omelet,omelets
159,0.7428407669067383,0.5143170356750488,make,doing
160,0.7527807950973511,0.49443772435188293,play,playback
161,0.8783165216445923,0.2433663010597229,children,kiddies
162,0.8136868476867676,0.37262585759162903,mark,dialed
163,0.8151149153709412,0.3697699308395386,wolf,lobo
164,0.9120765924453735,0.17584678530693054,food,dietary
165,0.76731938123703,0.4653608798980713,afford,lend
166,0.7950403094291687,0.4099184274673462,son,filho
167,0.7887734174728394,0.42245247960090637,signature,signed
168,0.8726066946983337,0.2547864615917206,next,future
169,0.4426162540912628,1.114766240119934,jameson,harmon
170,0.7005795240402222,0.598840057849884,classic,normal
171,0.8269120454788208,0.34617578983306885,nearly,around
172,0.9966503381729126,0.006699244026094675,lacks,lacking
173,0.9756109714508057,0.04877771437168121,send,dispatches
174,0.9143806099891663,0.1712387353181839,unsatisfied,displeased
175,0.8148003220558167,0.37039875984191895,saw,observed
176,0.8579691648483276,0.28406140208244324,earth,tierra
177,0.7844899892807007,0.43101996183395386,thank,congratulate
178,0.7485211491584778,0.502957284450531,times,deadlines
179,0.993800163269043,0.012399807572364807,aunts,aunties
180,0.8207582831382751,0.35848328471183777,would,should
181,0.9534146189689636,0.09317056089639664,diverse,differing
182,0.9518257975578308,0.09634818881750107,review,reviews
183,0.5961422920227051,0.8077152371406555,service,serves
184,0.7972655892372131,0.40546858310699463,prove,testifies
185,0.8552121520042419,0.28957515954971313,ship,battleship
186,0.9379374980926514,0.12412524223327637,purchase,buying
187,0.8622981905937195,0.2754029929637909,really,truthfully
188,0.7568105459213257,0.4863783121109009,happen,arrives
189,0.7542147040367126,0.49157026410102844,book,livre
190,0.7916200160980225,0.41675978899002075,tried,tempted
191,0.9831497669219971,0.03370010852813721,owner,proprietor
192,0.9003114700317383,0.1993771344423294,cults,religions
193,0.9430394172668457,0.11392135918140411,house,houses
194,0.970511794090271,0.0589764267206192,help,aid
195,0.6895450949668884,0.6209092736244202,personalities,characters
196,0.7773996591567993,0.44520047307014465,addition,anymore
197,0.6779046058654785,0.6441899538040161,doubt,doubtless
198,0.9793204069137573,0.041359178721904755,horrible,terrible
199,0.8639333248138428,0.2721327245235443,star,superstar
200,0.9974294304847717,0.0051413644105196,undeniably,unquestionably
201,0.8959974050521851,0.20800481736660004,nasty,soiled
202,0.7770452499389648,0.44590917229652405,credit,appropriations
203,0.8256044387817383,0.34879088401794434,arrived,come
204,0.47989970445632935,1.0401999950408936,panned,maligned
205,0.6922304630279541,0.6155382394790649,may,might
206,0.7882364392280579,0.4235266149044037,end,conclude
207,0.8816661238670349,0.23666751384735107,week,weeks
208,0.8314460515975952,0.3371070921421051,leave,let
209,0.595646858215332,0.8087047934532166,syrup,applesauce
210,0.6016979217529297,0.7966033220291138,milkshake,rattle
211,0.869047224521637,0.2619052231311798,movie,cinematographic
212,0.8101167678833008,0.3797660171985626,criticism,criticized
213,0.9958562254905701,0.008287512697279453,someone,somebody
214,0.7988079190254211,0.4023836553096771,aboard,shipboard
215,0.7153802514076233,0.5692383646965027,term,terms
216,0.8295544981956482,0.3408905565738678,body,agency
217,0.9669954180717468,0.0660090520977974,brainless,dolt
218,0.8023717403411865,0.39525654911994934,enough,suitably
219,0.7282572984695435,0.5434845089912415,look,stare
220,0.9213767051696777,0.15724647045135498,fans,buffs
221,0.8757186532020569,0.24856235086917877,man,dawg
222,0.8718708753585815,0.2562580108642578,though,notwithstanding
223,0.8195608854293823,0.3608778715133667,songs,ballads
224,0.7914265990257263,0.417146235704422,overkill,overstated
225,0.8005674481391907,0.3988646864891052,including,comprises
226,0.8513020277023315,0.2973957657814026,kinds,genus
227,0.8121739625930786,0.37565159797668457,war,warfare
228,0.5509079098701477,0.8981837630271912,lerner,schwartz
229,0.8217925429344177,0.3564142882823944,nice,handsome
230,0.8813680410385132,0.23726339638233185,wrong,mistaken
231,0.7275498509407043,0.5448998808860779,came,was
232,0.9975001811981201,0.004999473225325346,atmosphere,ambience
233,0.8067387342453003,0.3865222632884979,walking,marche
234,0.7995283007621765,0.40094295144081116,head,chef
235,0.7567981481552124,0.48640286922454834,heart,epicentre
236,0.9766191244125366,0.04676174744963646,stupid,dopey
237,0.7452883720397949,0.5094229578971863,victoria,victorian
238,0.8380995392799377,0.32380005717277527,comes,occurs
239,0.7008588910102844,0.5982818007469177,self,automatic
240,0.9235367178916931,0.1529264748096466,genuine,truthful
241,0.7674347162246704,0.4651297330856323,saying,say
242,0.6641746163368225,0.6716501116752625,larson,petersen
243,0.7036712765693665,0.5926568508148193,mattress,comforters
244,0.8662375211715698,0.267524391412735,especially,predominantly
245,0.9121269583702087,0.17574606835842133,upon,once
246,0.8413276672363281,0.31734421849250793,main,leading
247,0.8150460124015808,0.3699076771736145,racism,ethnic
248,0.6939259171485901,0.6121478080749512,via,throughout
249,0.9128084182739258,0.17438283562660217,tasty,delectable
250,0.4562573730945587,1.0874836444854736,maugham,flaubert
251,0.7109289765357971,0.5781407952308655,hours,periods
252,0.8066644668579102,0.38667088747024536,spend,expended
253,0.9887953996658325,0.022409353405237198,use,utilizing
254,0.797379195690155,0.40524131059646606,salads,veggie
255,0.8502799272537231,0.299439400434494,similar,identical
256,0.817000687122345,0.3659978210926056,true,real
257,0.7786176800727844,0.4427642524242401,theatrical,cinematographic
258,0.7646510601043701,0.4706974923610687,everything,everthing
259,0.7458770871162415,0.5082449316978455,cases,dossiers
260,0.9936310648918152,0.01273807417601347,hacking,hack
261,0.8519185781478882,0.29616260528564453,business,businesses
262,0.8773895502090454,0.24522072076797485,wanted,wanting
263,0.762397825717926,0.47520390152931213,documentary,documents
264,0.8763085603713989,0.24738241732120514,film,cinematographic
265,0.7311817407608032,0.5376360416412354,blood,baptism
266,0.5905239582061768,0.8189510703086853,basket,hoop
267,0.9379549622535706,0.12409023940563202,old,ancient
268,0.7718614935874939,0.4562762677669525,intelligence,mind
269,0.7455146312713623,0.5089704990386963,de,for
270,0.8180747628211975,0.3638499975204468,discovery,detecting
271,0.5557436347007751,0.8885126113891602,fanny,francis
272,0.7409694194793701,0.5180608034133911,nemesis,opponent
273,0.7756595611572266,0.4486802816390991,alive,live
274,0.7993137240409851,0.4013722538948059,never,jamais
275,0.8589673638343811,0.2820647060871124,cartoon,cartoons
276,0.9901868104934692,0.019626356661319733,comparison,comparing
277,0.7537918090820312,0.4924158453941345,becoming,gotten
278,0.7291386127471924,0.5417221188545227,well,too
279,0.9021886587142944,0.1956225484609604,considering,contemplating
280,0.7668298482894897,0.46634024381637573,deliver,providing
281,0.769120991230011,0.4617578983306885,lying,liar
282,0.7745869159698486,0.45082563161849976,waste,litter
283,0.7933028340339661,0.41339385509490967,garbage,waste
284,0.9056887626647949,0.18862198293209076,long,lengthy
285,0.7905286550521851,0.4189424216747284,rate,velocities
286,0.8201395273208618,0.35972049832344055,made,introduced
287,0.7947758436203003,0.41044729948043823,agent,publicist
288,0.7794973850250244,0.4410049617290497,good,decent
289,0.7529518604278564,0.4940965175628662,chicken,sissy
290,0.6458524465560913,0.7082942724227905,box,mailbox
291,0.8338599801063538,0.3322795033454895,treat,dealing
292,0.9336962103843689,0.1326076239347458,definitely,certainly
293,0.8902027010917664,0.21959471702575684,couple,couples
294,0.7914057970046997,0.4171876311302185,question,problem
295,0.7725005745887756,0.45499855279922485,even,still
296,0.8198208808898926,0.3603578805923462,repaired,mend
297,0.808260977268219,0.3834776282310486,humor,mood
298,0.8721877336502075,0.25562429428100586,anywhere,somewhere
299,0.7706878781318665,0.4586237967014313,bloody,bloodthirsty
300,0.5570629239082336,0.8858728408813477,menu,ways
301,0.7171152830123901,0.5657689571380615,market,marketing
302,0.9741914868354797,0.05161689594388008,substance,substances
303,0.965203583240509,0.06959288567304611,feeble,frail
304,0.8551326394081116,0.2897340953350067,cult,heresy
305,0.722905158996582,0.554189145565033,spicy,chili
306,0.8199610710144043,0.3600773215293884,clear,definite
307,0.5973480939865112,0.8053035140037537,li,le
308,0.6876369714736938,0.6247251629829407,writer,screenwriters
309,0.8956393599510193,0.2087211310863495,pay,paid
310,0.9578514099121094,0.08429745584726334,decent,dignified
311,0.9156821370124817,0.1686353236436844,loved,love
312,0.9788039326667786,0.04239218682050705,completely,wholly
313,0.7608002424240112,0.4783989489078522,sworn,swear
314,0.8968099355697632,0.2063797265291214,sadly,woefully
315,0.7385786175727844,0.522842288017273,short,abbreviated
316,0.9937021136283875,0.012595603242516518,driver,drivers
317,0.9894890189170837,0.021021727472543716,mainly,primarily
318,0.8344465494155884,0.33110669255256653,script,scripts
319,0.8995247483253479,0.20095016062259674,recommended,recommendations
320,0.9131945967674255,0.1736103594303131,transformation,conversions
321,0.8175274133682251,0.36494478583335876,planned,contemplated
322,0.8587044477462769,0.2825905382633209,attentive,circumspect
323,0.9623531699180603,0.07529352605342865,satisfaction,gratification
324,0.9644511938095093,0.0710974708199501,robbed,burgled
325,0.7531440258026123,0.49371159076690674,free,liberty
326,0.886890172958374,0.22621938586235046,working,worked
327,0.6706193685531616,0.6587607264518738,paranoia,narcissism
328,0.6919638514518738,0.6160717606544495,bit,slightly
329,0.8892812728881836,0.22143708169460297,dead,deceased
330,0.7595892548561096,0.48082077503204346,ever,increasingly
331,0.8626036047935486,0.27479225397109985,future,forthcoming
332,0.7487202882766724,0.5025588274002075,feta,fat
333,0.8743457198143005,0.25130847096443176,overall,whole
334,0.9627945423126221,0.07441064715385437,motor,car
335,0.8041077852249146,0.3917846381664276,hard,difficult
336,0.7789024710655212,0.44219452142715454,many,much
337,0.9217498302459717,0.15650027990341187,shopping,shop
338,0.8474788069725037,0.3050423264503479,spoke,speaks
339,0.8864390254020691,0.227121964097023,dying,dies
340,0.7687142491340637,0.46257129311561584,duke,duc
341,0.8252524137496948,0.3494950532913208,hit,slapped
342,0.9944183230400085,0.011163447052240372,unsettling,troubling
343,0.8173539042472839,0.36529162526130676,edition,publishing
344,0.8280265927314758,0.34394630789756775,small,minor
345,0.6893901824951172,0.6212190985679626,predictable,anticipated
346,0.7434778809547424,0.5130437612533569,dependable,trusted
347,0.6679254174232483,0.6641480922698975,away,outdoors
348,0.767799973487854,0.4643997848033905,things,elements
349,0.6212549209594727,0.7574889659881592,overpriced,exorbitant
350,0.8428480625152588,0.3143033981323242,episodes,spells
351,0.6188743114471436,0.7622510194778442,improv,comedic
352,0.7417615652084351,0.516476035118103,family,parents
353,0.7661784291267395,0.4676426351070404,produce,produces
354,0.6975281834602356,0.6049433946609497,trashy,crass
355,0.8953692317008972,0.20926138758659363,meals,eating
356,0.9153200387954712,0.16935981810092926,neighborhood,neighbourhoods
357,0.8059828281402588,0.3880348801612854,portions,chunks
358,0.8021088242530823,0.39578181505203247,mushrooms,molds
359,0.7843560576438904,0.4312872886657715,part,fractions
360,0.8222737908363342,0.35545217990875244,dollar,usd
361,0.8837130665779114,0.23257336020469666,lifeboat,rowboat
362,0.8632657527923584,0.273468554019928,medal,ornaments
363,0.6344653367996216,0.7310685515403748,one,anybody
364,0.7750565409660339,0.4498864710330963,least,minimum
365,0.8405206203460693,0.31895819306373596,william,wilhelm
366,0.9202867746353149,0.15942615270614624,almost,roughly
367,0.3672381639480591,1.2655216455459595,grader,manipulator
368,0.8950889110565186,0.20982174575328827,hapless,lamentable
369,0.7638392448425293,0.47232088446617126,understood,realized
370,0.7490904927253723,0.5018184781074524,unbearable,unendurable
371,0.8613156080245972,0.277368426322937,ginger,jiang
372,0.776383638381958,0.4472317695617676,plot,conspiracies
373,0.810222327709198,0.3795545995235443,books,book
374,0.7563505172729492,0.4872984290122986,edited,edition
375,0.47471165657043457,1.0505757331848145,tarzan,sinbad
376,0.7698370814323425,0.4603254795074463,cards,postcard
377,0.6953179836273193,0.6093631386756897,sideswiped,knocked
378,0.7771165370941162,0.4457665979862213,knowing,know
379,0.7578125,0.48437434434890747,barb,ranch
380,0.9463492035865784,0.10730167478322983,realistic,pragmatic
381,0.7511176466941833,0.4977647066116333,take,pick
382,0.8427475094795227,0.31450483202934265,got,did
383,0.8365525603294373,0.3268947899341583,death,dying
384,0.6847492456436157,0.6305009126663208,bread,baking
385,0.739679753780365,0.5206398963928223,scheming,cunning
386,0.9208370447158813,0.15832583606243134,daughter,girl
387,0.9768388271331787,0.04632199928164482,negative,adverse
388,0.6427438259124756,0.7145118713378906,florida,slash
389,0.932465672492981,0.13506805896759033,perfect,irreproachable
390,0.8053160905838013,0.3893675208091736,likes,love
391,0.72653728723526,0.5469254851341248,sauce,vinaigrette
392,0.8239293694496155,0.3521405756473541,breaks,break
393,0.7668321132659912,0.4663355052471161,lived,living
394,0.7930992245674133,0.4138008654117584,fit,adapted
395,0.6857783794403076,0.6284429430961609,making,rendering
396,0.7034156322479248,0.5931684374809265,actor,actresses
397,0.5163019299507141,0.9673949480056763,receptionist,homemaker
398,0.9546427130699158,0.09071410447359085,finds,discoveries
399,0.7287190556526184,0.542561411857605,reflective,illuminating
400,0.9822132587432861,0.035573821514844894,start,starts
401,0.547160267829895,0.9056791067123413,sutherland,mcgregor
402,0.8121346235275269,0.37573012709617615,presumptuous,arrogant
403,0.9560042023658752,0.08799149841070175,work,working
404,0.6734101176261902,0.6531792283058167,frankenstein,dracula
405,0.9640205502510071,0.07195881009101868,needed,necessary
406,0.8431447148323059,0.31371042132377625,proclaimed,avowed
407,0.9654651284217834,0.0690697506070137,chooses,select
408,0.914056122303009,0.17188741266727448,beginning,commences
409,0.8329538106918335,0.3340919315814972,shame,embarrass
410,0.5032961368560791,0.9934072494506836,talky,wordy
411,0.9563935995101929,0.08721259981393814,eaten,consumed
412,0.8088910579681396,0.3822169601917267,lost,forfeited
413,0.7256252765655518,0.5487481951713562,legs,fours
414,0.8177899122238159,0.3644200265407562,world,globe
415,0.7987307906150818,0.402538001537323,black,noir
416,0.7632758021354675,0.473448246717453,temporary,interim
417,0.7317861914634705,0.5364274978637695,full,complete
418,0.7385902404785156,0.5228189826011658,side,aside
419,0.8384373188018799,0.3231247365474701,stories,storytelling
420,0.4608689248561859,1.0782595872879028,jim,kevin
421,0.6885503530502319,0.6228985786437988,day,date
422,0.9750521183013916,0.049895744770765305,fails,fail
423,0.9592316150665283,0.08153650164604187,big,large
424,0.8444674611091614,0.311065137386322,experts,specialist
425,0.6995156407356262,0.600968062877655,absolute,unqualified
426,0.9692248702049255,0.06154979392886162,wrongly,improperly
427,0.8031838536262512,0.3936322331428528,combo,merge
428,0.8045367002487183,0.3909260332584381,friendly,friendship
429,0.6773527264595032,0.6452944278717041,three,third
430,0.7316378355026245,0.5367236137390137,average,sprawl
431,0.8218115568161011,0.35637637972831726,chasing,pursuit
432,0.9908813238143921,0.018237201496958733,particular,especial
433,0.7863659858703613,0.42726781964302063,forced,compulsory
434,0.7080494165420532,0.5839008092880249,comedian,humor
435,0.9234278798103333,0.1531440168619156,loud,vocal
436,0.9205561876296997,0.15888705849647522,hernandez,gonzales
437,0.8313259482383728,0.3373478055000305,ms,corinne
438,0.9746816754341125,0.050636887550354004,fighting,fight
439,0.5613574981689453,0.8772842288017273,virus,herpes
440,0.6090269088745117,0.7819451689720154,egg,fertilised
441,0.7340982556343079,0.5318025946617126,light,lightweight
442,0.9571449160575867,0.0857100561261177,creating,engender
443,0.504925012588501,0.9901489019393921,seine,handbag
444,0.7634307146072388,0.47313815355300903,insights,views
445,0.7395989894866943,0.5208016633987427,monsters,fiend
446,0.9103685021400452,0.1792629510164261,mother,moms
447,0.8361534476280212,0.32769298553466797,mouth,kisser
448,0.946557343006134,0.10688468813896179,change,modifications
449,0.6563482880592346,0.6873024106025696,beside,along
450,0.6308650970458984,0.7382691502571106,amongst,throughout
451,0.756984531879425,0.4860307574272156,told,talked
452,0.999522864818573,0.0009544224594719708,simultaneously,concurrently
453,0.9920641779899597,0.015871422365307808,banned,prohibited
454,0.8516518473625183,0.2966960370540619,dog,doggy
455,0.8114203810691833,0.3771587014198303,life,lives
456,0.7570289969444275,0.48594120144844055,interesting,exciting
457,0.7570061087608337,0.48598718643188477,city,metropolis
458,0.89178466796875,0.21643035113811493,consistent,coherent
459,0.8352749347686768,0.3294501006603241,sausage,sausages
460,0.7282491326332092,0.5435013175010681,utter,full
461,0.7573689222335815,0.485261470079422,mighty,emphatic
462,0.7683349251747131,0.4633294939994812,flick,films
463,0.8187553286552429,0.36248883605003357,prices,prizes
464,0.8343607187271118,0.3312777280807495,films,cinematic
465,0.883782148361206,0.23243536055088043,last,final
466,0.8821716904640198,0.23565617203712463,challenging,difficult
467,0.8703310489654541,0.25933781266212463,michael,michel
468,0.7737298607826233,0.45253995060920715,runs,operates
469,0.6776883602142334,0.6446225047111511,intensity,magnitude
470,0.9185578227043152,0.16288414597511292,adjust,adjustment
471,0.6615162491798401,0.6769670248031616,far,significantly
472,0.4614239037036896,1.0771511793136597,gimme,blowin
473,0.7375131845474243,0.5249733328819275,watch,surveillance
474,0.8891519904136658,0.22169600427150726,details,particulars
475,0.6346127390861511,0.7307733297348022,rap,pip
476,0.7676643133163452,0.4646708071231842,props,prop
477,0.5805380344390869,0.838922917842865,catchy,noteworthy
478,0.8323991894721985,0.33520129323005676,comic,comedian
479,0.7718825936317444,0.45623430609703064,without,unless
480,0.761786162853241,0.4764275848865509,seen,regarded
481,0.8091577887535095,0.38168418407440186,mountain,mountainous
482,0.7562536001205444,0.48749205470085144,court,hof
483,0.9019548296928406,0.1960899531841278,else,otherwise
484,0.8246660828590393,0.3506675660610199,see,consults
485,0.5669630169868469,0.8660733103752136,lightening,thunderbolt
486,0.7692106366157532,0.4615779221057892,dim,somber
487,0.8090001344680786,0.38199952244758606,understand,realise
488,0.647938072681427,0.7041230797767639,bach,vivaldi
489,0.9915948510169983,0.016810130327939987,adults,grownups
490,0.9858593344688416,0.028281323611736298,underage,juveniles
491,0.7339029312133789,0.5321931838989258,already,currently
492,0.8527133464813232,0.29457277059555054,strange,unusual
493,0.6430083513259888,0.7139827013015747,wrappers,packages
494,0.689889132976532,0.6202210783958435,hut,bungalow
495,0.6687719225883484,0.6624557375907898,undead,vamp
496,0.7657672762870789,0.4684649407863617,sign,symptom
497,0.522042989730835,0.9559136629104614,buggy,stroller
498,0.8079904317855835,0.38401880860328674,ok,allright
499,0.8770778179168701,0.2458440512418747,options,alternates
500,0.8834875226020813,0.2330244779586792,kind,type
501,0.7507782578468323,0.4984436631202698,unbiased,objectivity
502,0.7143141627311707,0.5713715553283691,cannot,momentous
503,0.8943885564804077,0.21122248470783234,fay,fey
504,0.8956795930862427,0.20864033699035645,gets,got
505,0.8341591954231262,0.3316816985607147,ended,finalised
506,0.7863699793815613,0.4272598624229431,booth,payphone
507,0.8269120454788208,0.34617578983306885,around,nearly
508,0.7474285960197449,0.5051422715187073,strip,gaza
509,0.5330144762992859,0.9339703321456909,club,cabaret
510,0.957292377948761,0.08541505038738251,experience,experiences
511,0.7045972943305969,0.5908045768737793,team,machine
512,0.7755036354064941,0.44899237155914307,straight,hetero
513,0.9392495155334473,0.12150067090988159,beautiful,wondrous
514,0.49894845485687256,1.0021018981933594,clyde,ethel
515,0.7765785455703735,0.4468420743942261,ago,preceding
516,0.9934519529342651,0.013096032664179802,turn,turning
517,0.6504309773445129,0.6991374492645264,quality,caliber
518,0.7342343926429749,0.5315308570861816,joe,qiao
519,0.93947833776474,0.12104294449090958,show,exposition
520,0.5034420490264893,0.9931151866912842,richard,neil
521,0.612694501876831,0.7746100425720215,lot,fate
522,0.9976432919502258,0.004713567905128002,nonetheless,nevertheless
523,0.8503287434577942,0.29934218525886536,twice,double
524,0.47838279604911804,1.0432331562042236,sheila,brenda
525,0.696837842464447,0.6063238382339478,writers,writer
526,0.7670403718948364,0.46591880917549133,hope,expect
527,0.522415816783905,0.9551666975021362,thick,heavy
528,0.6628705263137817,0.6742579340934753,takes,assumes
529,0.8266576528549194,0.346684068441391,enjoyed,loved
530,0.7806780934333801,0.43864330649375916,delivered,supplied
531,0.7273808717727661,0.5452379584312439,uncomfortable,unpleasant
532,0.682739794254303,0.6345199942588806,sure,assured
533,0.8129048943519592,0.37418946623802185,adorable,lovely
534,0.9596177339553833,0.08076455444097519,started,launch
535,0.8049876689910889,0.3900241553783417,hour,hours
536,0.960867166519165,0.07826583832502365,vastly,substantially
537,0.8339259028434753,0.3321477770805359,worst,gravest
538,0.6929213404655457,0.6141569018363953,gibberish,blather
539,0.6917528510093689,0.6164938807487488,occurred,appeared
540,0.7757483720779419,0.4485030472278595,truly,actually
541,0.9330148696899414,0.1339699774980545,neither,nor
542,0.837975263595581,0.32404929399490356,suspicions,misgivings
543,0.901180624961853,0.1976381242275238,previous,beforehand
544,0.506772518157959,0.9864538311958313,minutes,recordings
545,0.7011277079582214,0.5977438688278198,ultra,chao
546,0.9893983602523804,0.02120320312678814,flowers,flower
547,0.8909183144569397,0.21816329658031464,seemingly,ostensibly
548,0.9763636589050293,0.04727260395884514,picture,pictures
549,0.7002642154693604,0.5994707345962524,message,courier
550,0.8740368485450745,0.2519260048866272,lodgings,housing
551,0.9401477575302124,0.11970413476228714,mistake,mistaken
552,0.93265300989151,0.134693905711174,said,says
553,0.9076858162879944,0.18462803959846497,incredible,astounding
554,0.7341098785400391,0.5317796468734741,originally,initial
555,0.8227505087852478,0.3544985055923462,comments,feedback
556,0.9915348887443542,0.016930194571614265,movies,film
557,0.9659799337387085,0.06804002821445465,love,loves
558,0.5836341381072998,0.832730233669281,awesomeness,sexiness
559,0.8348377346992493,0.3303243815898895,keep,conserve
560,0.5020502209663391,0.9958991408348083,tully,finnegan
561,0.8366294503211975,0.3267408311367035,watched,seen
562,0.8275456428527832,0.34490838646888733,less,minimum
563,0.9000897407531738,0.19982030987739563,attempts,endeavours
564,0.6126023530960083,0.7747945785522461,certain,especial
565,0.573011577129364,0.8539758920669556,thereof,ofthe
566,0.8731535077095032,0.2536925971508026,able,capable
567,0.6911382079124451,0.617722749710083,feel,impression
568,0.6803937554359436,0.6392112374305725,machinations,maneuvers
569,0.7392605543136597,0.5214782357215881,present,currently
570,0.7061835527420044,0.5876323580741882,nel,dentro
571,0.9375244379043579,0.12495099008083344,quite,pretty
572,0.8182004690170288,0.36359885334968567,moved,shifted
573,0.7503206729888916,0.4993581175804138,looks,hopes
574,0.6239867210388184,0.7520252466201782,series,periodicals
575,0.8199950456619263,0.36000993847846985,front,newsweek
576,0.8785308003425598,0.24293796718120575,female,femmes
577,0.8480282425880432,0.3039429783821106,kiosk,newsstand
578,0.795294463634491,0.40941065549850464,otherwise,conversely
579,0.6702663898468018,0.6594667434692383,makes,pays
580,0.5949411392211914,0.8101174235343933,subdue,enslaving
581,0.8217031955718994,0.35659319162368774,alone,jen
582,0.9483475685119629,0.1033051535487175,perhaps,possibly
583,0.8553938865661621,0.2892119884490967,trying,strive
584,0.8205088973045349,0.358981728553772,brother,fraternal
585,0.7808648347854614,0.43826985359191895,waitress,caterer
586,0.8881285190582275,0.2237427979707718,exceptionally,incredibly
587,0.7412183284759521,0.5175624489784241,chocolate,confectionery
588,0.8668274879455566,0.26634490489959717,games,gaming
589,0.9100281000137329,0.1799437403678894,dreams,daydream
590,0.9608259797096252,0.0783478245139122,evil,diabolic
591,0.5613215565681458,0.877355694770813,sounded,buzzed
592,0.8350818753242493,0.32983607053756714,clothing,attire
593,0.8392743468284607,0.32145118713378906,calls,invitations
594,0.7695185542106628,0.4609622359275818,performances,depictions
595,0.9899324774742126,0.020135175436735153,lunch,dinner
596,0.862021803855896,0.2759559452533722,festivals,holidays
597,0.6659669280052185,0.6680658459663391,smithereens,coins
598,0.7414727210998535,0.5170541405677795,cool,copacetic
599,0.4374123215675354,1.1251741647720337,verbatim,nigh
600,0.5289196372032166,0.9421597719192505,whoopie,whoopee
601,0.9336571097373962,0.13268542289733887,bucks,usd
602,0.5995888113975525,0.8008215427398682,biting,smacking
603,0.9642189145088196,0.07156214863061905,choice,choose
604,0.9015754461288452,0.19684888422489166,group,cluster
605,0.7990635633468628,0.4018721878528595,action,measurements
606,0.9245476722717285,0.15090422332286835,focus,focussed
607,0.9510942697525024,0.09781157225370407,vile,hideous
608,0.8360313177108765,0.32793694734573364,heights,altitudes
609,0.9724558591842651,0.05508828163146973,enjoyable,pleasant
610,0.8015779852867126,0.3968435227870941,top,superior
611,0.8119909167289734,0.37601783871650696,country,nations
612,0.914269745349884,0.17145998775959015,lovely,charming
613,0.903457522392273,0.1930847018957138,afraid,terrified
614,0.9430945515632629,0.113810695707798,focuses,focusing
615,0.7834334373474121,0.43313270807266235,faith,fides
616,0.8046132922172546,0.390773206949234,cabin,cottage
617,0.6420267820358276,0.7159459590911865,versus,likened
618,0.5577961802482605,0.8844068050384521,instincts,athleticism
619,0.8548567295074463,0.29028648138046265,viewer,viewfinder
620,0.7642201781272888,0.47155919671058655,convey,conveying
621,0.8424860239028931,0.31502726674079895,appeal,appealing
622,0.822884202003479,0.35423141717910767,money,moneys
623,0.6442498564720154,0.7114996314048767,right,entitled
624,0.825619637966156,0.3487600088119507,revolve,rotate
625,0.7549371719360352,0.49012500047683716,due,appropriately
626,0.8002457022666931,0.399508535861969,walk,marche
627,0.8767380714416504,0.24652329087257385,earthquake,seismic
628,0.48467889428138733,1.0306414365768433,em,for
629,0.7704847455024719,0.4590298533439636,decide,determining
630,0.8930659890174866,0.21386754512786865,surpasses,surpassed
631,0.7351968884468079,0.5296055674552917,scene,panorama
632,0.866655170917511,0.2666894197463989,live,living
633,0.863257110118866,0.27348586916923523,written,handwritten
634,0.6785632967948914,0.6428725123405457,title,name
635,0.7403515577316284,0.5192960500717163,pity,ignominy
636,0.6764127016067505,0.6471739411354065,follow,tracked
637,0.8635502457618713,0.2728995382785797,super,mega
638,0.8080050349235535,0.3839891254901886,married,newlyweds
639,0.9928829073905945,0.014234441332519054,wild,feral
640,0.7503729462623596,0.4992537498474121,bicker,squabble
641,0.4210714101791382,1.1578564643859863,uncle,grandpapa
642,0.9682673811912537,0.0634651854634285,conversion,transforming
643,0.8129301071166992,0.37413954734802246,running,executes
644,0.7423756718635559,0.5152480602264404,became,turned
645,0.9434126615524292,0.11317414045333862,works,collaborate
646,0.7896839380264282,0.420632004737854,san,sans
647,0.6659826040267944,0.668034553527832,mall,supermarkets
648,0.4964181184768677,1.0071625709533691,bulging,flabby
649,0.9486021399497986,0.10279601067304611,babies,babes
650,0.985815703868866,0.028368566185235977,choose,chosen
651,0.9872040152549744,0.02559182606637478,mammoth,massive
652,0.6949207186698914,0.6101574897766113,serial,installment
653,0.8615790605545044,0.27684134244918823,always,steadily
654,0.8457387685775757,0.3085220754146576,supply,supplying
655,0.8458032608032227,0.30839282274246216,weather,weatherman
656,0.7953569889068604,0.4092853367328644,nick,nike
657,0.7380443811416626,0.5239103436470032,parmesan,ricotta
658,0.8845112323760986,0.2309775948524475,hate,detest
659,0.8982934355735779,0.20341338217258453,prior,before
660,0.888184666633606,0.22363044321537018,eating,meal
661,0.5135514140129089,0.9728958606719971,lazy,shiftless
662,0.7360423803329468,0.5279144644737244,actors,gamers
663,0.805480420589447,0.3890383541584015,guess,imagines
664,0.5979617238044739,0.8040758371353149,bowed,clasped
665,0.7704721689224243,0.45905521512031555,acting,behaving
666,0.9950039386749268,0.009992102161049843,illness,disease
667,0.8959923386573792,0.2080153077840805,period,deadlines
668,0.7367336750030518,0.5265324115753174,experienced,piloted
669,0.5038958191871643,0.9922071099281311,bruno,juliana
670,0.9433358311653137,0.11332821100950241,fast,faster
671,0.6714820265769958,0.6570351719856262,takashi,hiroshi
672,0.8399039506912231,0.3201918303966522,boy,kiddo
673,0.7873334884643555,0.42533236742019653,sexy,hottie
674,0.9560912847518921,0.08781725913286209,real,actual
675,0.70302814245224,0.5939429402351379,pm,particle
676,0.7652834057807922,0.4694329500198364,within,across
677,0.6947731971740723,0.6104527711868286,ps,fp
678,0.845045804977417,0.3099077045917511,shakes,rattle
679,0.7245951890945435,0.550809383392334,embarrassed,embarrassing
680,0.778777003288269,0.4424455165863037,piece,hunk
681,0.7996426224708557,0.4007142186164856,eva,violette
682,0.8387805223464966,0.3224385976791382,prepared,prepare
683,0.7917587757110596,0.41648223996162415,genuinely,indeed
684,0.39249518513679504,1.2150087356567383,cricket,crickets
685,0.7742218375205994,0.4515557885169983,talent,talented
686,0.6969684958457947,0.6060627698898315,bratty,rambunctious
687,0.7550424933433533,0.48991459608078003,festival,holiday
688,0.7930859327316284,0.4138276278972626,want,gonna
689,0.8351294994354248,0.3297405540943146,salt,saline
690,0.9453760385513306,0.10924797505140305,ruined,destroyed
691,0.6836524605751038,0.6326944828033447,romance,romances
692,0.7870060205459595,0.42598795890808105,noticed,realised
693,0.5896242260932922,0.8207504749298096,seafood,shrimp
694,0.6239393949508667,0.7521202564239502,emails,message
695,0.9458368420600891,0.10832609236240387,satisfying,satisfactory
696,0.9648624062538147,0.07027506828308105,stopped,halts
697,0.807274580001831,0.3854505717754364,offerings,affords
698,0.6902002692222595,0.619598925113678,meaning,senses
699,0.3985002040863037,1.202999234199524,casbah,hippodrome
700,0.9947597980499268,0.010480120778083801,leak,leakage
701,0.7991135120391846,0.4017723500728607,maturity,expiration
702,0.7766444683074951,0.4467107355594635,oral,verbal
703,0.8067325949668884,0.3865342438220978,possesses,has
704,0.689566969871521,0.620865523815155,worth,valuable
705,0.8059836030006409,0.38803258538246155,memory,memories
706,0.911699116230011,0.1766018122434616,area,spheres
707,0.8702912330627441,0.2594171464443207,gotta,needs
708,0.84404057264328,0.31191882491111755,offer,provide
709,0.7112646698951721,0.5774698257446289,taken,harvested
710,0.9809810519218445,0.03803794085979462,organized,organised
711,0.5713769793510437,0.8572444915771484,servo,propellant
712,0.9018818140029907,0.19623591005802155,finished,iend
713,0.8215842247009277,0.35683128237724304,drama,tragedy
714,0.7751491665840149,0.4497016370296478,accent,concentrated
715,0.9746578335762024,0.05068429931998253,anything,something
716,0.5048280358314514,0.9903428554534912,sequels,blockbusters
717,0.7314074039459229,0.5371848940849304,moment,times
718,0.8833954334259033,0.2332085222005844,ingredients,component
719,0.9259423017501831,0.148115336894989,stop,ceasing
720,0.7091892957687378,0.581620991230011,sees,hopes
721,0.997584879398346,0.0048301937058568,midday,noon
722,0.9776419401168823,0.044716063886880875,finally,lastly
723,0.7351582050323486,0.5296832323074341,either,both
724,0.8135579228401184,0.3728840947151184,drink,boozed
725,0.7735065817832947,0.4529862105846405,decided,chose
726,0.7105889320373535,0.5788211226463318,structure,constructs
727,0.8032163977622986,0.39356666803359985,strides,steps
728,0.8656065464019775,0.26878681778907776,likely,might
729,0.8126057386398315,0.3747882544994354,years,aged
730,0.7886419892311096,0.42271551489830017,population,public
731,0.875784158706665,0.24843110144138336,blast,detonating
732,0.7701311111450195,0.45973724126815796,pointe,tip
733,0.5379601716995239,0.9240785837173462,stafford,trent
734,0.8172188997268677,0.3655622899532318,paradise,havens
735,0.6908799409866333,0.618239164352417,tip,punta
736,0.8080848455429077,0.3838299810886383,pittsburgh,cincinnati
737,0.8384793400764465,0.323041170835495,hair,hairdressing
738,0.7001829147338867,0.5996339917182922,bond,liaison
739,0.9225903153419495,0.15481923520565033,amazing,staggering
740,0.9975749254226685,0.004849888850003481,exercise,exercising
741,0.8293994069099426,0.34120118618011475,way,camino
742,0.8177018761634827,0.3645959198474884,widely,brett
743,0.7524652481079102,0.4950686991214752,please,pray
744,0.8371219038963318,0.3257557451725006,person,persona
745,0.9451522827148438,0.10969498008489609,naturally,obviously
746,0.8025895953178406,0.39482006430625916,stars,superstar
747,0.43811023235321045,1.1237789392471313,lamm,metzger
748,0.6620339751243591,0.6759310960769653,posted,advertised
749,0.8692890405654907,0.26142171025276184,chair,chairmanship
750,0.6472380757331848,0.7055235505104065,eaters,abusers
751,0.9735618829727173,0.05287632718682289,asked,requested
752,0.805548906326294,0.38890182971954346,across,in
753,0.9276407957077026,0.14471843838691711,home,houses
754,0.8526909351348877,0.29461783170700073,limited,curtailed
755,0.6542974710464478,0.6914048790931702,midriff,waistline
756,0.7753293514251709,0.4493408501148224,impressed,shocked
757,0.8227054476737976,0.35458904504776,soldiers,serviceman
758,0.8426215052604675,0.3147566318511963,lamb,mouton
759,0.816070556640625,0.3678584098815918,unacceptable,inadmissible
760,0.4770796298980713,1.045839786529541,hollywood,barrymore
761,0.807204008102417,0.3855917155742645,coast,shoreline
762,0.9784396290779114,0.04312063381075859,reminds,recalls
763,0.7827167510986328,0.4345662593841553,regular,frequently
764,0.7212582230567932,0.5574830770492554,desk,desktop
765,0.7152905464172363,0.5694189071655273,confuse,mislead
766,0.7116087079048157,0.5767815709114075,nihilism,naturalism
767,0.7819397449493408,0.4361201822757721,sweet,sweetened
768,0.8661883473396301,0.2676231563091278,tries,strives
769,0.8917113542556763,0.21657687425613403,confused,garbled
770,0.598913848400116,0.8021716475486755,vaughn,goodwin
771,0.9690200090408325,0.06195991113781929,christian,cristiano
772,0.6020699739456177,0.7958595156669617,anytime,whenever
773,0.48702770471572876,1.0259441137313843,holm,christensen
774,0.760766327381134,0.478466659784317,doll,blondie
775,0.773845911026001,0.4523075520992279,level,echelons
776,0.9411234259605408,0.11775290220975876,lord,senor
777,0.7456505298614502,0.5086979866027832,filming,photo
778,0.7597643136978149,0.4804708957672119,remains,stay
779,0.6247549057006836,0.7504886984825134,garage,shops
780,0.8943487405776978,0.21130217611789703,restaurant,dining
781,0.7518106698989868,0.4963777959346771,mismatched,unmatched
782,0.7656759023666382,0.46864789724349976,farmer,ranchers
783,0.9065887331962585,0.186822310090065,contemporary,modern
784,0.5375462770462036,0.9249061942100525,tacked,tacks
785,0.9858978986740112,0.02820447087287903,filmmaking,films
786,0.7218180894851685,0.5563633441925049,mic,mis
787,0.684285581111908,0.6314279437065125,glued,licked
788,0.8449493050575256,0.3101007044315338,jessica,jennifer
789,0.6666434407234192,0.6667128801345825,sat,saturday
790,0.8595616817474365,0.28087636828422546,major,grands
791,0.7788052558898926,0.44238871335983276,aisle,alley
792,0.8027268052101135,0.39454537630081177,hyper,overactive
793,0.7952808737754822,0.40943771600723267,etc,etcetera
794,0.8383208513259888,0.32335802912712097,leaving,walkout
795,0.8670220375061035,0.2659556567668915,idea,thinking
796,0.5477787256240845,0.9044420719146729,wilson,richardson
797,0.9507631063461304,0.09847372770309448,silly,dopey
798,0.8845321536064148,0.2309352457523346,planet,planets
799,0.9967454075813293,0.006508784834295511,eric,erick
800,0.7663293480873108,0.467340886592865,techno,techs
801,0.6959974765777588,0.6080043315887451,read,leen
802,0.8097580671310425,0.38048312067985535,favourite,prefers
803,0.9649664759635925,0.07006675750017166,characters,character
804,0.8521380424499512,0.29572367668151855,attack,onslaught
805,0.9081929922103882,0.18361391127109528,showed,revealed
806,0.7352575659751892,0.52948397397995,references,referral
807,0.8413724899291992,0.3172544836997986,probably,surely
808,0.6520733833312988,0.6958527565002441,ammunition,explosive
809,0.9736164808273315,0.052767034620046616,myriad,numerous
810,0.6252448558807373,0.7495099306106567,zombies,marchers
811,0.7208579182624817,0.5582835674285889,rated,categorized
812,0.8083372116088867,0.38332507014274597,hitting,pummeled
813,0.8746912479400635,0.25061750411987305,cinema,kino
814,0.7977326512336731,0.4045344591140747,environmental,ecologically
815,0.8766597509384155,0.24668054282665253,crap,bullshit
816,0.5304506421089172,0.9390976428985596,tomo,san
817,0.7919989228248596,0.4160017669200897,destiny,destination
818,0.6835014224052429,0.6329971551895142,thing,something
819,0.879487156867981,0.24102555215358734,original,initial
820,0.8391046524047852,0.32179027795791626,bite,mouthful
821,0.8868186473846436,0.22636212408542633,scary,creepy
822,0.8243514895439148,0.35129645466804504,mind,esprit
823,0.735422670841217,0.5291537046432495,unanswered,unresponsive
824,0.9762008190155029,0.04759833961725235,replacement,substitutions
825,0.9292824268341064,0.14143475890159607,finances,funding
826,0.876009464263916,0.24798057973384857,college,academies
827,0.762719452381134,0.47456076741218567,l,litre
828,0.8344454169273376,0.33110886812210083,history,tale
829,0.8691024780273438,0.26179471611976624,evokes,puts
830,0.5754627585411072,0.8490728735923767,quintessential,archetype
831,0.879432737827301,0.2411344200372696,character,personage
832,0.7245762348175049,0.550847053527832,location,site
833,0.8852382898330688,0.22952298820018768,video,videotape
834,0.8694760799407959,0.2610470652580261,hey,bye
835,0.8410300016403198,0.3179398477077484,special,specific
836,0.4700724184513092,1.059854507446289,finch,chickadee
837,0.685266375541687,0.6294668316841125,served,reacted
838,0.6906217932701111,0.6187555193901062,tasteless,dorky
839,0.9825524687767029,0.03489504009485245,cutting,chop
840,0.7701305150985718,0.45973849296569824,follies,lunacy
841,0.5694563984870911,0.8610860109329224,pg,lv
842,0.8310732841491699,0.33785280585289,however,notwithstanding
843,0.6738022565841675,0.652394711971283,reuben,guzman
844,0.9608119130134583,0.07837629318237305,eventually,finally
845,0.8498731851577759,0.3002531826496124,guards,guardians
846,0.8456013798713684,0.3087967336177826,steps,measurements
847,0.4756864607334137,1.0486263036727905,claudia,luisa
848,0.7267307043075562,0.5465381145477295,bear,withstand
849,0.8485497236251831,0.302900105714798,fantasy,imagination
850,0.8084147572517395,0.38317009806632996,beliefs,belief
851,0.8012076020240784,0.39758461713790894,propaganda,publicize
852,0.9999785423278809,4.2760224459925666e-05,mcpherson,macpherson
853,0.7837110757827759,0.4325776696205139,four,quatro
854,0.49966567754745483,1.0006684064865112,ripper,mov
855,0.7219677567481995,0.5560635328292847,go,vaya
856,0.5989101529121399,0.8021784424781799,filipino,fei
857,0.7995387315750122,0.400922030210495,issue,matters
858,0.8770174980163574,0.24596460163593292,coloured,colourful
859,0.8166036009788513,0.3667927384376526,spiked,doped
860,0.9134153127670288,0.17316921055316925,newer,novel
861,0.8771318793296814,0.24573580920696259,often,routinely
862,0.7325789928436279,0.5348414778709412,drawn,drew
863,0.8524226546287537,0.295154333114624,buy,buys
864,0.8701897263526917,0.2596203088760376,memories,mementos
865,0.9958066940307617,0.008386640809476376,relatively,comparatively
866,0.799163281917572,0.4016726613044739,chang,zhang
867,0.5888465046882629,0.8223061561584473,ya,oj
868,0.8707116842269897,0.2585761845111847,trademark,brand
869,0.6752924919128418,0.6494146585464478,charles,karol
870,0.8635779619216919,0.27284398674964905,dark,darkened
871,0.7207348942756653,0.558529257774353,survived,weathered
872,0.8259226679801941,0.3481542468070984,nothing,nada
873,0.6950145363807678,0.6099706292152405,jokes,quips
874,0.7792723178863525,0.44145476818084717,towards,onto
875,0.9941506385803223,0.011698488146066666,surprisingly,stunningly
876,0.843848705291748,0.3123025596141815,visited,traveled
877,0.787746250629425,0.42450737953186035,busy,overcrowded
878,0.8957546949386597,0.2084905207157135,ready,readies
879,0.7124084830284119,0.5751821398735046,system,schemes
880,0.7743286490440369,0.4513418972492218,brings,gives
881,0.895451009273529,0.2090977430343628,shot,offed
882,0.7270134687423706,0.5459731817245483,forte,potent
883,0.850588321685791,0.2988232970237732,pharmacist,pharmaceutical
884,0.6778319478034973,0.644335150718689,articles,provision
885,0.7562699317932129,0.4874598979949951,misrepresentation,forgery
886,0.7477352023124695,0.5045291185379028,lamely,mockingly
887,0.9797667264938354,0.040466368198394775,properly,suitably
888,0.7672176957130432,0.4655638337135315,baker,bakr
889,0.8572283983230591,0.28554290533065796,genre,type
890,0.9454942941665649,0.10901138186454773,tough,harsh
891,0.7506468892097473,0.4987061619758606,potato,potatoes
892,0.7102547883987427,0.5794902443885803,put,brought
893,0.9416797757148743,0.11664018034934998,maniac,crazed
894,0.6103062629699707,0.7793868184089661,burners,stoves
895,0.9877105951309204,0.02457880973815918,arms,armes
896,0.7384244799613953,0.5231506824493408,blare,blares
897,0.9243872165679932,0.15122514963150024,misuse,abuses
898,0.9412475228309631,0.11750462651252747,approximately,nearly
899,0.49274247884750366,1.0145142078399658,karloff,wolfman
900,0.8438743352890015,0.31225094199180603,afterlife,afterworld
901,0.8326153755187988,0.33476853370666504,dave,dev
902,0.9795419573783875,0.04091617092490196,disturbing,worrisome
903,0.7634811997413635,0.47303780913352966,band,banda
904,0.6946823596954346,0.6106346249580383,since,ago
905,0.6326764822006226,0.734645664691925,smattering,peppered
906,0.7269501090049744,0.5460993647575378,interest,interests
907,0.3765444755554199,1.2469098567962646,timothy,douglas
908,0.9213751554489136,0.15724968910217285,furthermore,besides
909,0.6884891986846924,0.6230207681655884,granola,bagels
910,0.840631365776062,0.31873685121536255,girl,fille
911,0.9551680088043213,0.08966387808322906,surely,admittedly
912,0.8568000793457031,0.28639981150627136,garlic,ail
913,0.4715977907180786,1.0568040609359741,hillman,benson
914,0.8681191205978394,0.26376163959503174,heating,heater
915,0.7551247477531433,0.48975011706352234,sexuality,gender
916,0.4139246940612793,1.172149419784546,clampett,jed
917,0.6137203574180603,0.7725590467453003,moments,hour
918,0.8618654012680054,0.2762688398361206,martin,martins
919,0.8243694305419922,0.3512606918811798,energetic,dynamic
920,0.8630902171134949,0.27381932735443115,every,any
921,0.813751220703125,0.3724970817565918,anyone,nobody
922,0.9734296202659607,0.05314082279801369,favorites,favourite
923,0.7604252099990845,0.4791492521762848,season,seasonal
924,0.8207423090934753,0.3585149943828583,mellow,relaxing
925,0.7568179368972778,0.48636341094970703,beasts,cattle
926,0.5027115941047668,0.9945756793022156,starstruck,overexcited
927,0.748716413974762,0.5025666356086731,atleast,didnt
928,0.3252003490924835,1.3495984077453613,imdb,cgi
929,0.8498972058296204,0.3002053499221802,near,nearing
930,0.8635029792785645,0.27299389243125916,returns,reverted
931,0.7758450508117676,0.44830942153930664,religion,cult
932,0.9614270925521851,0.07714565843343735,reduced,lowers
933,0.7672318816184998,0.46553537249565125,regardless,despite
934,0.7873196005821228,0.4253602921962738,throughout,travers
935,0.9516463279724121,0.09670710563659668,picks,choosing
936,0.7875759601593018,0.4248475432395935,priced,prices
937,0.5550392270088196,0.8899217844009399,minute,hour
938,0.980446457862854,0.03910714015364647,notice,notifications
939,0.4349656105041504,1.1300668716430664,ivory,beige
940,0.7214484810829163,0.5571027994155884,plays,serves
941,0.8615787029266357,0.27684223651885986,believe,think
942,0.762846052646637,0.47430744767189026,blank,pristine
943,0.8804975152015686,0.23900477588176727,gather,collating
944,0.755166232585907,0.48966729640960693,glimmer,sparkle
945,0.49740278720855713,1.005192756652832,shorn,sheeps
946,0.8858404159545898,0.22831885516643524,clouded,obscured
947,0.798006534576416,0.40398645401000977,decision,decides
948,0.8343222141265869,0.3313553035259247,shorts,trousers
949,0.7044217586517334,0.5911556482315063,crew,seamen
950,0.7103881239891052,0.579222559928894,experiences,lessons
951,0.9382125735282898,0.12357481569051743,spots,stains
952,0.8779271841049194,0.24414575099945068,giant,titan
953,0.7094957828521729,0.5810078382492065,funnier,stupider
954,0.7853876352310181,0.4292246401309967,laughed,laughing
955,0.7311798930168152,0.5376399755477905,fish,vascular
956,0.7313025593757629,0.5373941659927368,goodness,godlike
957,0.7782090902328491,0.4435812830924988,turns,rotates
958,0.8678061366081238,0.26438742876052856,abruptly,pointedly
959,0.7845283150672913,0.43094325065612793,conclusion,outcome
960,0.8009949326515198,0.39800989627838135,seriously,earnestly
961,0.7021896839141846,0.5956198573112488,stinks,smell
962,0.9903505444526672,0.019298546016216278,members,member
963,0.9317487478256226,0.1365024745464325,wait,await
964,0.9232048988342285,0.15359002351760864,mam,mummy
965,0.8674646019935608,0.2650705575942993,needs,requisite
966,0.659406840801239,0.6811856627464294,forcing,forced
967,0.5463979244232178,0.9072028994560242,thirty,thirteenth
968,0.6795147061347961,0.6409698724746704,paper,documentary
969,0.6740712523460388,0.6518570184707642,pierre,pebble
970,0.9023898243904114,0.19522017240524292,aroma,smell
971,0.7393471598625183,0.5213050246238708,finding,find
972,0.7078797817230225,0.5842402577400208,left,forgot
973,0.8603783845901489,0.2792429029941559,dork,dumbass
974,0.857355535030365,0.2852886915206909,women,femmes
975,0.7858830094337463,0.42823344469070435,posed,raised
976,0.7121010422706604,0.5757976174354553,popular,grassroots
977,0.8022880554199219,0.39542341232299805,cold,refrigerated
978,0.6700778007507324,0.6598436236381531,henchmen,bodyguard
979,0.7085118293762207,0.5829755067825317,year,anno
980,0.9353569746017456,0.1292857676744461,gives,affords
981,0.8295997977256775,0.34080052375793457,offered,providing
982,0.4418947398662567,1.1162090301513672,blacklisted,censors
983,0.8841153383255005,0.23176895081996918,recall,remembering
984,0.8232851028442383,0.35342928767204285,pop,dad
985,0.9229364395141602,0.154126837849617,share,sharing
986,0.8570705652236938,0.28585848212242126,evidently,seemingly
987,0.633575975894928,0.732848048210144,context,origins
988,0.9860981702804565,0.027803631499409676,guard,guarding
989,0.9687199592590332,0.06255989521741867,needless,worthless
990,0.705907940864563,0.5881842374801636,josef,yusuf
991,0.6825710535049438,0.6348569393157959,shorter,short
992,0.7375511527061462,0.5248970985412598,looking,combing
993,0.944133460521698,0.11173307150602341,fake,spurious
994,0.8190984129905701,0.36180320382118225,catch,captures
995,0.7946342825889587,0.4107306897640228,kudos,bravo
996,0.849296510219574,0.3014066517353058,stylishly,sleek
997,0.81931072473526,0.36137819290161133,room,sala
998,0.7128624320030212,0.5742741823196411,late,departed
999,0.8576110601425171,0.28477737307548523,selection,selected
